code,type,name,aliases
p001,p,0,
p002,p,一百齡五度的你,
p003,p,三塊厝高中吳律寬請飲料,
p004,p,上峰小汽車誰撞誰休克,上鋒小汽車撞誰誰休克
p005,p,不怕魔法,
p006,p,不知道,
p007,p,不知道要取什麼,
p008,p,世界第一大美女何亮諼,
p010,p,了不起的公關們,
p011,p,人右吉吉愛烤雞,
p012,p,你怎麼知道你的腦存在,
p013,p,你說的都隊,
p014,p,來裁,
p015,p,分科不如分手,
p016,p,別被三清,
p017,p,北部菜蟲一起串聯,
p018,p,北陽軍閥,
p019,p,南北中正一起串連,南北中正一起串聯
p020,p,南北菜蟲一起串聯,
p021,p,危雞百科,
p022,p,吟遊辯士皮陀故事集,
p023,p,吳律寬,
p024,p,咖波和他的子民們,
p025,p,哲何新臺幣鱷十億沅,
p026,p,啊隊名勒,
p027,p,失手的辯士,
p028,p,學分辯不見,
p029,p,學抒情文的拉完了,
p030,p,學測倒數259天,
p031,p,學測再加365,
p032,p,學長我們明年見,
p033,p,宏道辯蓮,
p034,p,對不起我們有漂亮學姊,
p035,p,小丑們要特選和分科,小丑們要特選跟分科
p037,p,小籠包,
p038,p,尚未決定,
p039,p,建竹實聯隊,
p040,p,建美鱷魚,
p041,p,從缺,
p042,p,心悸大戰,
p043,p,心碎小丑之海底撈銀海快金海的會員,
p044,p,慧燈高級監獄,
p045,p,我們有笨蛋小狗,
p046,p,我們的友情不需要辯革,
p047,p,我們還找不到隊友啦,
p048,p,我們都喜歡女生,
p049,p,我叫小駱 重生回了學測那一天,
p050,p,我家的貓會後空翻,
p051,p,我要吃火雞,
p052,p,我說的都對,
p053,p,我這個最可愛的小寶貝,
p054,p,打比賽嗎各位,
p055,p,拿盃幫社長在大安區租房子,
p056,p,教練是dinner,
p058,p,普羅多慧喵喵,
p060,p,楊子甯說你很難改變一個人所以只能改辯稿,
p062,p,永遠懷念梁世宣,
p063,p,汪汪隊立大功,
p064,p,沈葆楨,
p065,p,海岸哲學家,
p066,p,海底撈已經金海的會員,
p067,p,無教練的小朋友,
p068,p,燒焦了,
p069,p,球球不見了,
p070,p,百齡果,
p071,p,神聖麻糬帝國,
p072,p,笑死,
p073,p,絕世天才,
p074,p,美國聯隊,
p075,p,胡教練的小朋友,
p076,p,莉莉說的都對,莉莉說的都隊
p077,p,萬芳華江家齊聯隊,
p080,p,被愛情辜負但我仍純愛,
p081,p,觸電的那種感覺,
p082,p,請用安平熱到造個句子,
p083,p,謝謝辯論讓我+365,
p084,p,貢丸騎士和水潤餅魔毯,
p085,p,超級辯辯辯,
p086,p,這樣也能贏，隊,
p087,p,這次有填選手名單,
p088,p,還是邢可柔你要收買我,
p089,p,還沒想好耶,
p090,p,鐘米糕小蛋糕我吃吃吃吃吃吃,
p091,p,長春小熊幫,
p092,p,雞逼雞逼甲巴甲巴,
p093,p,霍金活祭皇家火雞,
p098,p,學分辯辯辯,
p099,p,對方辯友 這很南說,
p100,p,我也不知道,
p101,p,明輿陽輝,
p102,p,銨芯爬陽明山,
p105,p,三校聯隊,
p106,p,不講吾德,
p107,p,台灣國中小思辨聯隊,
p108,p,台美聯隊,
p111,p,國際中文辯論課,
p112,p,小果仁辯論隊,
p113,p,想念是會呼吸的痛,
p115,p,暑假辯不見,
p116,p,鱁,
p117,p,忍辱附中,
p118,p,劍潭一中,
p119,p,世宣67,
p120,p,我心目中的佳辯逢雨停,
p121,p,梭哈要曙光不要輸光,
p122,p,永平推土機,
p123,p,竹子的英文,
p124,p,能不能和我留在台北,
p125,p,黃山過台灣,
p126,p,Harve,
p127,p,白烏鴉辯論隊,
p128,p,最佳英鎊辯論隊,
p129,p,殘陽是香香軟軟小蛋糕,殘陽是香香柔軟小蛋糕
p130,p,成功口技社,
p131,p,誤入商噎帝國的長髮男,誤入商業帝國的長髮男
p132,p,大家都不想講話,
p134,p,竹林七賢,
p135,p,宮燈最佳辯士,
p136,p,7/14一領前皆可向大會申請更換,
p137,p,你剛剛攻擊了我的村莊,
p138,p,喜歡漂亮的凱怡學姐沒有不隊,
p139,p,小貓喵喵隊,
p140,p,彰化邊緣聯盟,
p141,p,彰化邊緣陣線聯盟,
p142,p,我國不應廢除單一性別學校,
p143,p,我學長們喝醉了,
p144,p,我打宮燈？真的假的？,
p145,p,曌,
p146,p,正方反方都不隊,
p147,p,沒錢對不隊,
p148,p,燈燈燈燈,
p149,p,甜甜豬小隊,
p150,p,破房的辯士,
p151,p,謝謝學姐！！,
p152,p,輸了許詠雋買恐龍氣球給你,
p153,p,霸道總裁小嬌7,
p156,p,中壢桃園一邊一國,
p157,p,壽比南山,
p158,p,天水圍的車與干,
p159,p,差點上台大還好忍到下台才大,
p162,p,菜菜撈撈,
p163,p,這裡沒有桃園人也沒有研究生,
p167,p,第1隊（法可夢高中組）,
p168,p,第2隊（法可夢高中組）,
p169,p,第5隊（法可夢高中組）,
s002,s,中信高中,中信國際高中|中信國際|私立中信高中
s003,s,中和高中,市立中和高中|新北市立中和高級中學|新北市立中和高中
s004,s,中壢高商,市立中壢高商
s005,s,中大壢中,
s006,s,中山女高,中山女中|中山女|市立中山女高
s007,s,中山高中,高雄市立中山高級中學|高雄市立中山高中|高雄中山高中|高雄中山
s009,s,中正高工,市立中正高工
s010,s,交大附中,
s011,s,光復高中,新竹市私立光復高級中學|新竹市私立光復高中|新竹市光復高中|私立光復高中|新竹光復高中
s012,s,光正國中,光正國中A|光正國中B
s013,s,內壢高中,市立內壢高中
s014,s,內湖高中,市立內湖高中
s015,s,前鎮高中,高雄市立前鎮高中|前鎮高中A|前鎮高中B|市立前鎮高中
s017,s,北一女中,北一女|市立北一女中
s018,s,北商五專,
s019,s,協同中學,
s020,s,南大附中,
s022,s,南山中學國中部,
s023,s,南山高中,南山中學
s024,s,南湖高中,市立南湖高中
s025,s,南科實中,
s026,s,臺南一中,台南一中|南一中|國立臺南一中|國立台南一中
s027,s,臺南二中,台南二中|台南二中A|台南二中B|臺南二中A|臺南二中B|南二中|國立臺南二中|國立台南二中
s029,s,員林高中,國立員林高中
s030,s,善化高中,國立善化高中
s031,s,嘉科實中,
s032,s,嘉義女中,嘉義女中2|國立嘉義女中
s033,s,嘉義高中,國立嘉義高中
s034,s,嘉華中學,嘉華中學(二)
s035,s,壽山高中,市立壽山高中
s036,s,大灣高中,市立大灣高中
s037,s,大理高中,
s038,s,大直高中,市立大直高中
s039,s,家齊高中,家齊女中|臺南家齊女中|國立臺南家齊女子高級中學|台南家齊女中|國立台南家齊女子高級中學|國立家齊高中
s040,s,小港高中,小港高中A|小港高中B|市立小港高中
s041,s,屏東女中,國立屏東女中
s042,s,嶺東中學,嶺東高中|私立嶺東高中
s044,s,市立大同,北市大同
s046,s,市立東山,臺中市立東山高級中學|台中市立東山高級中學|臺中市立東山高中|台中市立東山高中|市立東山高中|臺中東山高中|台中東山高中
s047,s,師大附中,師附|國立師大附中
s048,s,平鎮高中,市立平鎮高中
s049,s,康橋國際學校,嘿走去康橋|嘿跑去康橋|康橋國際學校(秀岡校區)
s050,s,延平中學,延平高中|臺北市私立延平高級中學|延平中學A|延平中學B|台北市私立延平高級中學|私立延平中學
s052,s,建功高中,市立建功高中
s053,s,建台高中,建臺高中|私立建臺高中|私立建台高中
s054,s,建國中學,建中|市立建國中學
s055,s,彰化女中,國立彰化女中
s056,s,彰化高中,國立彰化高中
s057,s,復旦高中,
s058,s,復興實中,
s059,s,復興高中,市立復興|市立復興高中
s061,s,德光高中,德光中學|私立德光高中
s063,s,忠明高中,市立忠明高中
s064,s,慈大附中,
s065,s,慈濟附中,
s066,s,慧燈中學,慧燈高中|私立慧燈高中
s067,s,成功高中,成功高中A|成功高中B|臺北市立成功高級中學|台北市立成功高級中學|臺北市立成功高中|台北市立成功高中|臺北成功高中|台北成功高中
s068,s,成淵高中,市立成淵高中
s069,s,振聲高中,
s070,s,政大附中,國立政大附中
s071,s,文華高中,市立文華高中
s072,s,斗六高中,國立斗六高中
s073,s,斗南高中,縣立斗南高中
s074,s,新化高中,國立新化高中
s075,s,新北市立三民高級中學,新北三民|新北三民高中|新北市三民高中|新北市立三民高中
s076,s,新店高中,市立新店高中
s077,s,新竹女中,竹女|國立新竹女中
s078,s,新竹高中,新竹高中（二）|新竹高中（一）|竹中|國立新竹高中
s079,s,新竹高商,國立新竹高商
s080,s,明倫高中,明倫高中A|明倫高中B|市立明倫高中
s081,s,明道中學,
s082,s,普台中學,普台高中|普臺中學|普臺高中|私立普台高中|私立普臺高中
s083,s,景美女中,市立景美女中
s084,s,景興國中,
s085,s,曉明女中,私立曉明女中
s086,s,曙光女中,私立曙光女中
s087,s,曙光高中,
s089,s,東港高中,縣立東港高中
s090,s,松山高中,市立松山高中
s091,s,板橋高中,板橋|板中|市立板橋高中
s092,s,桃市陽明,桃園市立陽明高級中等學校|桃園陽明|桃園陽明高中|陽明高中|桃園市立陽明高中
s093,s,桃園高中,桃園高中A|桃園高中B|桃園高中一|桃園高中二|桃高|市立桃園高中
s094,s,檳城鍾靈獨立中學,
s095,s,正道中學,
s096,s,武陵高中,市立武陵高中
s097,s,永仁高中,市立永仁高中
s098,s,永平高中,永平紫極演辯社|市立永平高中
s099,s,永春高中,市立永春高中
s100,s,永豐高中,永豐高中A|永豐高中B|市立永豐高中
s102,s,港明高中,私立港明高中
s103,s,溪湖高中,國立溪湖高中
s104,s,瑞祥高中,高雄市立瑞祥高中|市立瑞祥高中
s105,s,百齡高中,我有點想哭|市立百齡高中
s106,s,碧華國中,碧華國中A|碧華國中B
s107,s,私立東山,臺北市私立東山高級中學|台北市私立東山高級中學|臺北市私立東山高中|台北市私立東山高中|臺北私立東山|台北私立東山
s108,s,立人高中,立人高中B|私立立人高中
s109,s,竹北高中,
s110,s,竹商五專,
s111,s,竹崎高中,縣立竹崎高中
s112,s,竹東高中,國立竹東高中
s113,s,竹科實中,竹科實中(二)
s114,s,精誠中學,精誠高中|私立精誠高中
s116,s,羅東高中,國立羅東高中
s117,s,美和高中,私立美和高中
s118,s,聖功女中,財團法人聖功女中
s119,s,聖心女中,私立聖心女中
s120,s,臺中一中,台中一中|市立臺中一中|市立台中一中
s121,s,臺中二中,台中二中|市立臺中二中|市立台中二中
s122,s,臺中女中,台中女中|市立臺中女中|市立台中女中
s123,s,臺中高工,台中高工|市立臺中高工|市立台中高工
s127,s,臺南女中,台南女中|國立臺南女中|國立台南女中
s128,s,臺南護專,台南護專
s129,s,臺東高中,台東高中|國立臺東高中|國立台東高中
s130,s,興國高中,興國高中A|興國高中B
s131,s,興大附中,國立興大附中
s132,s,華僑高中,國立華僑高級中等學校
s133,s,華江高中,市立華江高中
s134,s,萬芳高中,市立萬芳高中
s135,s,薇閣中學,薇閣高中|私立薇閣高中
s138,s,虎尾高中,虎尾高中A|虎尾高中B|虎尾高中（二）|虎尾高中（一）|虎尾高中（三）|國立虎尾高中|虎尾國小
s139,s,衛道中學,衛道中學辯論社|衛道中學辯論隊
s140,s,西松高中,市立西松高中
s141,s,西苑高中國中部,
s142,s,豐原高中,市立豐原高中
s143,s,道明中學,
s144,s,長億高中,長億高中A|長億高中B|市立長億高中
s145,s,長榮中學,
s146,s,陽交附中,陽明交大附中|國立陽明交大附中
s149,s,高雄市立三民高級中學,高市三民|高市三民A|高市三民B|高雄三民高中|高雄市三民高中|高雄市立三民高中|三民高中|三民高中A|三民高中B
s150,s,高雄市立中正高級中學,高市中正|高市中正A|高市中正B|高雄中正高中|高雄市中正高中|高雄市立中正高中
s151,s,高師附中,
s152,s,高雄中學,雄中|市立高雄中學
s153,s,高雄女中,雄女|市立高雄女中
s156,s,鳳山高中,國立鳳山高中
s157,s,鳳新高中,國立鳳新高中
s158,s,麗山高中,麗山高中A|麗山高中B|市立麗山高中
s159,s,中崙高中,中崙高中A|中崙高中B|中崙高中2|市立中崙高中
s160,s,和平高中,和平高中A|和平高中B|市立和平高中
s161,s,海山高中,海山高中A|海山高中B|市立海山高中
s162,s,馬公高中,馬公高中A|馬公高中B|馬公高中（一）|馬公高中(二)|馬公高中（二）|國立馬公高中
s163,s,大里高中,市立大里高中
s164,s,弘文高中,私立弘文高中
s165,s,惠文高中,市立惠文高中
s166,s,新民高中,
s168,s,文山高中,市立文山高中
s169,s,澎湖一中,
s170,s,新興高中,市立新興高中
s171,s,金陵女中,私立金陵女中
s172,s,錦和高中,市立錦和高中
s173,s,屏東高中,國立屏東高中
s174,s,金門高中,國立金門高中
s178,s,楠梓高中,市立楠梓高中
s179,s,陸興中學,
s180,s,高師大附中,國立高師大附中
s181,s,高雄高商,高雄高商A|高雄高商B|市立高雄高商
s182,s,中正預校,
s183,s,安樂高中,市立安樂高中
s184,s,明道高中,私立明道高中
s185,s,港明中學,
s186,s,臺中市立清水高級中等學校,清水高中|台中清水高中|臺中清水高中|臺中市立清水高中|台中市立清水高中|台中市立清水高級中等學校
s187,s,臺北市立中正高級中學,臺北市立中正高中|北市中正高中|北市中正|臺北中正高中|台北中正高中|台北市立中正高中|台北市立中正高級中學
s188,s,北市陽明,臺北市立陽明高級中學|臺北陽明高中|臺北市陽明高中|臺北市立陽明高中|陽明高中種子隊B|台北市立陽明高中|台北市立陽明高級中學|台北市陽明高中|台北陽明高中
s189,s,國立臺南高級工業職業學校,台南高工|臺南高工|國立台南高工|國立台南高級工業職業學校|國立臺南高工
s190,s,竹林高中,
s191,s,苗栗高中,
