盃賽,隊伍,領隊,選手,名單狀態,來源說明
第二十屆宮燈盃辯論公開賽青少年組,澎湖一中,陳廣賢、陳燁,陳廣賢、楊書荀、蔡孟妘、劉耀仁、呂桀辰,公告名單,使用者提供的2026年第二十屆宮燈盃選手名單圖片；圖片未標日期；姓名依使用者人工校正版
第二十屆宮燈盃辯論公開賽青少年組,南湖高中,劉書廷、吳佩臻,王柏凱、戴滕靖、林妤潔、謝欣瑜、黃靖俊,公告名單,使用者提供的2026年第二十屆宮燈盃選手名單圖片；圖片未標日期；姓名依使用者人工校正版
第二十屆宮燈盃辯論公開賽青少年組,成淵高中,姚暄伶、潘彥成,姚暄伶、潘彥成、黃鈺琳、陳品菲、余祐瑄、張祈恩,公告名單,使用者提供的2026年第二十屆宮燈盃選手名單圖片；圖片未標日期；姓名依使用者人工校正版
第二十屆宮燈盃辯論公開賽青少年組,南山高中,呂芊穎、柯芓亘,于潤萱、邱靖、侯品丞、黃禹珵、王毓麟、陳珀瑋,公告名單,使用者提供的2026年第二十屆宮燈盃選手名單圖片；圖片未標日期；姓名依使用者人工校正版
第二十屆宮燈盃辯論公開賽青少年組,建竹實聯隊,高立維、張詠晴,楊浚棋、張育棋、黃浩原、羅翊荃、洪睿榮,公告名單,使用者提供的2026年第二十屆宮燈盃選手名單圖片；圖片未標日期；姓名依使用者人工校正版
第二十屆宮燈盃辯論公開賽青少年組,衛道中學辯論社,詹于萱、黃子盈,詹于萱、林思涵、張凱閎、黃子盈、莊子玄、張承儀,公告名單,使用者提供的2026年第二十屆宮燈盃選手名單圖片；圖片未標日期；姓名依使用者人工校正版
第二十屆宮燈盃辯論公開賽青少年組,Harve,吳昶佑、賴楷沛,吳昶佑、賴楷沛、詹勝鈜、邱鈺剴,公告名單,使用者提供的2026年第二十屆宮燈盃選手名單圖片；圖片未標日期；姓名依使用者人工校正版
第二十屆宮燈盃辯論公開賽青少年組,宮燈最佳辯士,林毓晴、張沁宇,林宥澄、林毓晴、張沁宇、黃瑞靖、林睦雍、張亞晞、陳薇庭、林宇瀞,公告名單,使用者提供的2026年第二十屆宮燈盃選手名單圖片；圖片未標日期；姓名依使用者人工校正版
第二十屆宮燈盃辯論公開賽青少年組,大家都不想講話,黃鈺云、洪士凱,吳翰宇、葉睿欣、張芷云、翁巧羽、葉柏昇,公告名單,使用者提供的2026年第二十屆宮燈盃選手名單圖片；圖片未標日期
第二十屆宮燈盃辯論公開賽青少年組,世宣67,洪郁穗、黃瑋珏,洪郁穗、許芷稘、劉品劼、陳佳苓、孫興宸,公告名單,使用者提供的2026年第二十屆宮燈盃選手名單圖片；姓名依使用者人工校正版
第二十屆宮燈盃辯論公開賽青少年組,誤入商噎帝國的長髮男,魏冠宇、劉庭蓁,魏冠宇、董科男、劉庭蓁、藍培宇、許勝傑、翁子芸,公告名單,使用者提供的2026年第二十屆宮燈盃選手名單圖片；圖片未標日期；姓名依使用者人工校正版
第二十屆宮燈盃辯論公開賽青少年組,竹林七賢,鄧丞霖、張容愷,鄧丞霖、蔡岳翰、張方易、楊勁梟,公告名單,使用者提供的2026年第二十屆宮燈盃選手名單圖片；圖片未標日期；姓名依使用者人工校正版
第二十屆宮燈盃辯論公開賽青少年組,陽交附中,郭育宏、羅凱奕,郭育宏、陳沛羽、唐偉恩、羅凱奕、沈樂辰、張湘翊、洪沛岑,公告名單,使用者提供的2026年第二十屆宮燈盃選手名單圖片；圖片未標日期
第二十屆宮燈盃辯論公開賽青少年組,白烏鴉辯論隊,陳咸鋐、劉仲恩,許芯睿、劉芷甯、高偉承、鄭馨宇、林辰澔、廖家玉,公告名單,使用者提供的2026年第二十屆宮燈盃選手名單圖片；姓名依使用者人工校正版
第二十屆宮燈盃辯論公開賽青少年組,最佳英鎊辯論隊,吳易叡、張宸紳,吳易叡、薛舒晴、黃忻恩、張宸紳、金承陽,公告名單,使用者提供的2026年第二十屆宮燈盃選手名單圖片；圖片未標日期
第二十屆宮燈盃辯論公開賽青少年組,成功口技社,陳羿廷、曾丞浩,鄢昱凱、陳羿廷、曾丞浩、黃紹齊、檀易宸,公告名單,使用者提供的2026年第二十屆宮燈盃選手名單圖片；圖片未標日期；姓名依使用者人工校正版
第二十屆宮燈盃辯論公開賽青少年組,殘陽是香香軟軟小蛋糕,何宸宇、聶莫軒,何宸宇、聶莫軒、張宸睿、葉智安、童守鈞、吳栩華、陳柏均,公告名單,使用者提供的2026年第二十屆宮燈盃選手名單圖片；圖片未標日期；姓名依使用者人工校正版
