盃賽,隊伍原名,學校代碼,判定依據
第十九屆北區聯合新生盃辯論比賽,東山高中,s107,維護者判定：北區聯合新生盃的東山高中歸臺北市私立東山高級中學
第七屆惠蓀盃全國高中職辯論比賽,東山高中,s046,維護者判定：惠蓀盃為臺中新生盃，東山高中歸臺中市立東山高級中學
第四屆輔仁盃全國高中職辯論比賽,東山高中,s046,維護者確認：該屆東山高中隊伍為臺中市立東山高中原泉辯論社；歸入臺中市立東山高級中學
第五屆輔仁盃全國高中職辯論比賽,東山高中,s046,維護者確認：該屆東山高中隊伍為臺中市立東山高中原泉辯論社；歸入臺中市立東山高級中學
第十四屆風雩盃中學辯論錦標賽,東山高中,s046,第十四屆風雩盃秩序冊公布隊伍名為「市立東山」，確認該場賽果「東山高中」對應臺中市立東山高級中學。來源：https://drive.google.com/file/d/1Z5uGVUdYpV3DJjmGfbkrSkZ69lO4_LMP/view
2026西灣盃全國高中職辯論賽,東山高中,s046,依維護者確認之東山歸戶規則：未標縣市的東山高中預設為臺中市立東山；本屆賽事無相反校名證據。
第三十六屆蘇州盃高中職辯論錦標賽,東山高中,s046,維護者確認本屆蘇州盃的東山高中為臺中市立東山高中；依臺中原泉辯論社連續參賽及同屆高菁公開賽果校正。
第二十七屆高中菁英盃,光復高中,s011,維護者更正：本屆光復高中為新竹市私立光復高級中學。
第二十屆齊揚盃,光復高中,s011,維護者更正：本屆光復高中為新竹市私立光復高級中學。
