資料類型,盃賽,日期,時段,會場,正方學校,反方學校,正方比分,反方比分,勝方,榮譽名稱,獲獎者,所屬學校,榮譽類型,備註,正方登場選手,反方登場選手,辯題,辯題解釋,分組名稱,推定依據
公開戰績,第十八屆宮燈盃辯論公開賽青少年組,2024-08-17,1,1,沒錢對不隊,正方反方都不隊,0,9,正方反方都不隊,,,,,初賽,,,,,,
公開戰績,第十八屆宮燈盃辯論公開賽青少年組,2024-08-17,1,2,謝謝學姐！！,你剛剛攻擊了我的村莊,0,9,你剛剛攻擊了我的村莊,,,,,初賽,,,,,,
公開戰績,第十八屆宮燈盃辯論公開賽青少年組,2024-08-17,1,3,破房的辯士,彰化邊緣陣線聯盟,0,9,彰化邊緣陣線聯盟,,,,,初賽,,,,,,
公開戰績,第十八屆宮燈盃辯論公開賽青少年組,2024-08-17,1,4,7/14一領前皆可向大會申請更換,建竹實聯隊,4.5,4.5,,,,,,初賽；公告未載明勝方,,,,,,
公開戰績,第十八屆宮燈盃辯論公開賽青少年組,2024-08-17,2,1,正方反方都不隊,沒錢對不隊,0,9,沒錢對不隊,,,,,初賽,,,,,,
公開戰績,第十八屆宮燈盃辯論公開賽青少年組,2024-08-17,2,2,你剛剛攻擊了我的村莊,謝謝學姐！！,5,4,你剛剛攻擊了我的村莊,,,,,初賽,,,,,,
公開戰績,第十八屆宮燈盃辯論公開賽青少年組,2024-08-17,2,3,喜歡漂亮的凱怡學姐沒有不隊,甜甜豬小隊,3,6,甜甜豬小隊,,,,,初賽,,,,,,
公開戰績,第十八屆宮燈盃辯論公開賽青少年組,2024-08-17,2,4,我學長們喝醉了,曌,7,2,我學長們喝醉了,,,,,初賽,,,,,,
公開戰績,第十八屆宮燈盃辯論公開賽青少年組,2024-08-17,2,5,燈燈燈燈,霸道總裁小嬌7,9,0,燈燈燈燈,,,,,初賽,,,,,,
公開戰績,第十八屆宮燈盃辯論公開賽青少年組,2024-08-17,3,1,彰化邊緣陣線聯盟,破房的辯士,2,7,破房的辯士,,,,,初賽,,,,,,
公開戰績,第十八屆宮燈盃辯論公開賽青少年組,2024-08-17,3,2,建竹實聯隊,7/14一領前皆可向大會申請更換,0,9,7/14一領前皆可向大會申請更換,,,,,初賽,,,,,,
公開戰績,第十八屆宮燈盃辯論公開賽青少年組,2024-08-17,3,3,甜甜豬小隊,喜歡漂亮的凱怡學姐沒有不隊,0,9,喜歡漂亮的凱怡學姐沒有不隊,,,,,初賽,,,,,,
公開戰績,第十八屆宮燈盃辯論公開賽青少年組,2024-08-17,3,4,曌,我學長們喝醉了,0,9,我學長們喝醉了,,,,,初賽,,,,,,
公開戰績,第十八屆宮燈盃辯論公開賽青少年組,2024-08-17,3,5,霸道總裁小嬌7,燈燈燈燈,0,9,燈燈燈燈,,,,,初賽,,,,,,
公開戰績,第十八屆宮燈盃辯論公開賽青少年組,2024-08-18,1,1,沒錢對不隊,你剛剛攻擊了我的村莊,0,9,你剛剛攻擊了我的村莊,,,,,八進四複賽,,,,,,當日公告僅列八進四賽果，時段依該日階段順序推定為1
公開戰績,第十八屆宮燈盃辯論公開賽青少年組,2024-08-18,1,2,彰化邊緣聯盟,7/14一領前皆可向大會申請更換,0,9,7/14一領前皆可向大會申請更換,,,,,八進四複賽,,,,,,當日公告僅列八進四賽果，時段依該日階段順序推定為1
公開戰績,第十八屆宮燈盃辯論公開賽青少年組,2024-08-18,1,3,燈燈燈燈,我國不應廢除單一性別學校,1,8,我國不應廢除單一性別學校,,,,,八進四複賽,,,,,,當日公告僅列八進四賽果，時段依該日階段順序推定為1
公開戰績,第十八屆宮燈盃辯論公開賽青少年組,2024-08-18,1,4,喜歡漂亮的凱怡學姐沒有不隊,我學長們喝醉了,2,7,我學長們喝醉了,,,,,八進四複賽,,,,,,當日公告僅列八進四賽果，時段依該日階段順序推定為1
公開戰績,第十八屆宮燈盃辯論公開賽青少年組,2024-08-19,1,1,你剛剛攻擊了我的村莊,7/14一領前皆可向大會申請更換,0,9,7/14一領前皆可向大會申請更換,,,,,四進二複賽,,,,,,公告順序先列四進二複賽，時段推定為1
公開戰績,第十八屆宮燈盃辯論公開賽青少年組,2024-08-19,1,2,我國不應廢除單一性別學校,我學長們喝醉了,2,7,我學長們喝醉了,,,,,四進二複賽,,,,,,公告順序先列四進二複賽，時段推定為1
公開戰績,第十八屆宮燈盃辯論公開賽青少年組,2024-08-19,2,1,7/14一領前皆可向大會申請更換,我學長們喝醉了,4,5,我學長們喝醉了,,,,,冠亞決賽,,,,,,公告順序先四進二後冠亞決賽，時段推定為2；依專案慣例冠亞賽會場推定為1
公開榮譽,第十八屆宮燈盃辯論公開賽青少年組,2024-08-17,1,,,,,,,單場優秀辯士,簡睿霆,,個人榮譽,正方反方都不隊 vs 沒錢對不隊,,,,,,
公開榮譽,第十八屆宮燈盃辯論公開賽青少年組,2024-08-17,1,,,,,,,單場優秀辯士,洪暄茹,,個人榮譽,謝謝學姐！！ vs 你剛剛攻擊了我的村莊,,,,,,
公開榮譽,第十八屆宮燈盃辯論公開賽青少年組,2024-08-17,1,,,,,,,單場優秀辯士,劉仲恩,,個人榮譽,破房的辯士 vs 彰化邊緣陣線聯盟,,,,,,
公開榮譽,第十八屆宮燈盃辯論公開賽青少年組,2024-08-17,1,,,,,,,單場優秀辯士,林奕鋐,,個人榮譽,7/14一領前皆可向大會申請更換 vs 建竹實聯隊,,,,,,
公開榮譽,第十八屆宮燈盃辯論公開賽青少年組,2024-08-17,2,,,,,,,單場優秀辯士,彭聖芯,,個人榮譽,正方反方都不隊 vs 沒錢對不隊,,,,,,
公開榮譽,第十八屆宮燈盃辯論公開賽青少年組,2024-08-17,2,,,,,,,單場優秀辯士,李瀅熙,謝謝學姐！！,個人榮譽,你剛剛攻擊了我的村莊 vs 謝謝學姐！！；反方四辯,,,,,,
公開榮譽,第十八屆宮燈盃辯論公開賽青少年組,2024-08-17,2,,,,,,,單場優秀辯士,汪雅媛,甜甜豬小隊,個人榮譽,喜歡漂亮的凱怡學姐沒有不隊 vs 甜甜豬小隊；反方三辯,,,,,,
公開榮譽,第十八屆宮燈盃辯論公開賽青少年組,2024-08-17,2,,,,,,,單場優秀辯士,詹舒涵,我學長們喝醉了,個人榮譽,我學長們喝醉了 vs 曌；正方二辯,,,,,,
公開榮譽,第十八屆宮燈盃辯論公開賽青少年組,2024-08-17,2,,,,,,,單場優秀辯士,黃有晟,燈燈燈燈,個人榮譽,燈燈燈燈 vs 霸道總裁小嬌7；正方二辯,,,,,,
公開榮譽,第十八屆宮燈盃辯論公開賽青少年組,2024-08-17,3,,,,,,,單場優秀辯士,石永晴,破房的辯士,個人榮譽,彰化邊緣陣線聯盟 vs 破房的辯士；反方三辯,,,,,,
公開榮譽,第十八屆宮燈盃辯論公開賽青少年組,2024-08-17,3,,,,,,,單場優秀辯士,劉恩聖,7/14一領前皆可向大會申請更換,個人榮譽,建竹實聯隊 vs 7/14一領前皆可向大會申請更換；反方二辯,,,,,,
公開榮譽,第十八屆宮燈盃辯論公開賽青少年組,2024-08-17,3,,,,,,,單場優秀辯士,董安裕,喜歡漂亮的凱怡學姐沒有不隊,個人榮譽,甜甜豬小隊 vs 喜歡漂亮的凱怡學姐沒有不隊；反方四辯,,,,,,
公開榮譽,第十八屆宮燈盃辯論公開賽青少年組,2024-08-17,3,,,,,,,單場優秀辯士,彭筱涵,我學長們喝醉了,個人榮譽,曌 vs 我學長們喝醉了；反方四辯,,,,,,
公開榮譽,第十八屆宮燈盃辯論公開賽青少年組,2024-08-17,3,,,,,,,單場優秀辯士,曾蜜莉,燈燈燈燈,個人榮譽,霸道總裁小嬌7 vs 燈燈燈燈；反方三辯,,,,,,
公開榮譽,第十八屆宮燈盃辯論公開賽青少年組,2024-08-18,1,,,,,,,單場優秀辯士,洪暄茹,你剛剛攻擊了我的村莊,個人榮譽,八進四：沒錢對不隊 vs 你剛剛攻擊了我的村莊；反方三辯,,,,,,
公開榮譽,第十八屆宮燈盃辯論公開賽青少年組,2024-08-18,1,,,,,,,單場優秀辯士,劉恩聖,7/14一領前皆可向大會申請更換,個人榮譽,八進四：彰化邊緣聯盟 vs 7/14一領前皆可向大會申請更換；反方二辯,,,,,,
公開榮譽,第十八屆宮燈盃辯論公開賽青少年組,2024-08-18,1,,,,,,,單場優秀辯士,周庭碩,我國不應廢除單一性別學校,個人榮譽,八進四：燈燈燈燈 vs 我國不應廢除單一性別學校；正方四辯,,,,,,
公開榮譽,第十八屆宮燈盃辯論公開賽青少年組,2024-08-18,1,,,,,,,單場優秀辯士,董安裕,喜歡漂亮的凱怡學姐沒有不隊,個人榮譽,八進四：喜歡漂亮的凱怡學姐沒有不隊 vs 我學長們喝醉了；正方四辯,,,,,,
公開榮譽,第十八屆宮燈盃辯論公開賽青少年組,2024-08-19,1,,,,,,,單場優秀辯士,劉恩聖,7/14一領前皆可向大會申請更換,個人榮譽,四進二：你剛剛攻擊了我的村莊 vs 7/14一領前皆可向大會申請更換；反方二辯,,,,,,
公開榮譽,第十八屆宮燈盃辯論公開賽青少年組,2024-08-19,1,,,,,,,單場優秀辯士,彭筱涵,我學長們喝醉了,個人榮譽,四進二：我國不應廢除單一性別學校 vs 我學長們喝醉了；反方四辯,,,,,,
公開榮譽,第十八屆宮燈盃辯論公開賽青少年組,2024-08-19,2,,,,,,,單場最佳辯士,彭筱涵,我學長們喝醉了,個人榮譽,冠亞決賽：7/14一領前皆可向大會申請更換 vs 我學長們喝醉了；反方四辯,,,,,,
公開榮譽,第十八屆宮燈盃辯論公開賽青少年組,2024-08-19,,,,,,,,冠軍,我學長們喝醉了,,隊伍榮譽,,,,,,,
公開榮譽,第十八屆宮燈盃辯論公開賽青少年組,2024-08-19,,,,,,,,亞軍,7/14一領前皆可向大會申請更換,,隊伍榮譽,,,,,,,
公開榮譽,第十八屆宮燈盃辯論公開賽青少年組,2024-08-19,,,,,,,,季軍,你剛剛攻擊了我的村莊,,隊伍榮譽,,,,,,,
公開榮譽,第十八屆宮燈盃辯論公開賽青少年組,2024-08-19,,,,,,,,季軍,我國不應廢除單一性別學校,,隊伍榮譽,,,,,,,
公開榮譽,第十八屆宮燈盃辯論公開賽青少年組,2024-08-19,,,,,,,,全程最佳辯士,彭筱涵,我學長們喝醉了,個人榮譽,,,,,,,
辯題,第十八屆宮燈盃辯論公開賽青少年組,,,,,,,,,,,,,,,,如果你有超能力，可以讓你愛的人也愛你，你要／不要使用,,,
