資料類型,盃賽,日期,時段,會場,正方學校,反方學校,正方比分,反方比分,勝方,榮譽名稱,獲獎者,所屬學校,榮譽類型,備註,正方登場選手,反方登場選手,辯題,辯題解釋,分組名稱,推定依據,榮譽層級
公開戰績,2026桃園青年盃華語辯論賽（學青組）,2026-08-29,1,,桃園高中一,內壢高中,0,3,內壢高中,,,,,,,,,,A 區,來源：辯手回報；依回報提供之現場戰績板照片辨識DAY1賽程時序配對：第1時段09:00–10:30、第2時段10:50–12:20、第3時段14:00–15:30；會場未能辨識。,
公開戰績,2026桃園青年盃華語辯論賽（學青組）,2026-08-29,1,,桃園高中二,復旦高中,3,0,桃園高中二,,,,,,,,,,A 區,來源：辯手回報；依回報提供之現場戰績板照片辨識DAY1賽程時序配對：第1時段09:00–10:30、第2時段10:50–12:20、第3時段14:00–15:30；會場未能辨識。,
公開戰績,2026桃園青年盃華語辯論賽（學青組）,2026-08-29,2,,復旦高中,壽比南山,0,3,壽比南山,,,,,,,,,,A 區,來源：辯手回報；依回報提供之現場戰績板照片辨識DAY1賽程時序配對：第1時段09:00–10:30、第2時段10:50–12:20、第3時段14:00–15:30；會場未能辨識。,
公開戰績,2026桃園青年盃華語辯論賽（學青組）,2026-08-29,2,,內壢高中,桃園高中二,0,3,桃園高中二,,,,,,,,,,A 區,來源：辯手回報；依回報提供之現場戰績板照片辨識DAY1賽程時序配對：第1時段09:00–10:30、第2時段10:50–12:20、第3時段14:00–15:30；會場未能辨識。,
公開戰績,2026桃園青年盃華語辯論賽（學青組）,2026-08-29,3,,壽比南山,桃園高中一,3,0,壽比南山,,,,,,,,,,A 區,來源：辯手回報；依回報提供之現場戰績板照片辨識DAY1賽程時序配對：第1時段09:00–10:30、第2時段10:50–12:20、第3時段14:00–15:30；會場未能辨識。,
公開戰績,2026桃園青年盃華語辯論賽（學青組）,2026-08-29,1,,這裡沒有桃園人也沒有研究生,菜菜撈撈,2,1,這裡沒有桃園人也沒有研究生,,,,,,,,,,B 區,來源：辯手回報；依回報提供之現場戰績板照片辨識DAY1賽程時序配對：第1時段09:00–10:30、第2時段10:50–12:20、第3時段14:00–15:30；會場未能辨識。,
公開戰績,2026桃園青年盃華語辯論賽（學青組）,2026-08-29,1,,差點上台大還好忍到下台才大,中壢桃園一邊一國,0,3,中壢桃園一邊一國,,,,,,,,,,B 區,來源：辯手回報；依回報提供之現場戰績板照片辨識DAY1賽程時序配對：第1時段09:00–10:30、第2時段10:50–12:20、第3時段14:00–15:30；會場未能辨識。,
公開戰績,2026桃園青年盃華語辯論賽（學青組）,2026-08-29,2,,中壢桃園一邊一國,天水圍的車與干,0,3,天水圍的車與干,,,,,,,,,,B 區,來源：辯手回報；依回報提供之現場戰績板照片辨識DAY1賽程時序配對：第1時段09:00–10:30、第2時段10:50–12:20、第3時段14:00–15:30；會場未能辨識。,
公開戰績,2026桃園青年盃華語辯論賽（學青組）,2026-08-29,2,,菜菜撈撈,差點上台大還好忍到下台才大,2,1,菜菜撈撈,,,,,,,,,,B 區,來源：辯手回報；依回報提供之現場戰績板照片辨識DAY1賽程時序配對：第1時段09:00–10:30、第2時段10:50–12:20、第3時段14:00–15:30；會場未能辨識。,
公開戰績,2026桃園青年盃華語辯論賽（學青組）,2026-08-29,3,,天水圍的車與干,這裡沒有桃園人也沒有研究生,1,2,這裡沒有桃園人也沒有研究生,,,,,,,,,,B 區,來源：辯手回報；依回報提供之現場戰績板照片辨識DAY1賽程時序配對：第1時段09:00–10:30、第2時段10:50–12:20、第3時段14:00–15:30；會場未能辨識。,
公開榮譽,2026桃園青年盃華語辯論賽（學青組）,2026-08-30,,,,,,,,冠軍,這裡沒有桃園人也沒有研究生,這裡沒有桃園人也沒有研究生,team,來源：辯手回報。,,,,,,來源：辯手回報；決賽名次為冠軍「這裡沒有桃園人也沒有研究生」、亞軍「桃園高中二」、季軍「壽比南山」。,
公開榮譽,2026桃園青年盃華語辯論賽（學青組）,2026-08-30,,,,,,,,亞軍,桃園高中二,桃園高中二,team,來源：辯手回報。,,,,,,來源：辯手回報；決賽名次為冠軍「這裡沒有桃園人也沒有研究生」、亞軍「桃園高中二」、季軍「壽比南山」。,
公開榮譽,2026桃園青年盃華語辯論賽（學青組）,2026-08-30,,,,,,,,季軍,壽比南山,壽比南山,team,來源：辯手回報。,,,,,,來源：辯手回報；決賽名次為冠軍「這裡沒有桃園人也沒有研究生」、亞軍「桃園高中二」、季軍「壽比南山」。,
公開榮譽,2026桃園青年盃華語辯論賽（學青組）,2026-08-30,,,,,,,,最佳辯士,曹鈞智,壽比南山,player,來源：辯手回報。,,,,,,來源：辯手回報；曹鈞智（壽比南山隊）獲最佳辯士。,全程最佳辯士
