資料類型,盃賽,日期,時段,會場,正方學校,反方學校,正方比分,反方比分,勝方,榮譽名稱,獲獎者,所屬學校,榮譽類型,備註,正方登場選手,反方登場選手,辯題,辯題解釋,分組名稱,榮譽層級
辯題,2026年氣候盃全國高中職辯論比賽,,,,,,,,,,,,,,,,我國應強制用電大戶設置一定裝置容量以上之再生能源自有發電設備,辯題解釋資料指出，現行制度允許用電大戶以多種方式履行再生能源義務；本題聚焦是否應進一步要求其設置一定容量的再生能源自有發電設備，需衡量能源轉型與安全、產業成本及場地條件。詳細背景見主辦單位辯題解釋文件。,,
公開戰績,2026年氣候盃全國高中職辯論比賽,2026-10-03,1,1,北商五專,和平高中,2,1,北商五專,,,,,來源：主辦方公告（CDPA 2026-10-03 賽果貼文）。https://www.instagram.com/p/DeDeVwEE7NM/,,,,,,
公開戰績,2026年氣候盃全國高中職辯論比賽,2026-10-03,1,2,海山高中,華僑高中,1,2,華僑高中,,,,,來源：主辦方公告（CDPA 2026-10-03 賽果貼文）。https://www.instagram.com/p/DeDeVwEE7NM/,,,,,,
公開戰績,2026年氣候盃全國高中職辯論比賽,2026-10-03,1,3,臺東高中,武陵高中,1,2,武陵高中,,,,,來源：主辦方公告（CDPA 2026-10-03 賽果貼文）。https://www.instagram.com/p/DeDeVwEE7NM/,,,,,,
公開戰績,2026年氣候盃全國高中職辯論比賽,2026-10-03,2,1,永平高中,陽明高中,1,2,陽明高中,,,,,來源：主辦方公告（CDPA 2026-10-03 賽果貼文）。https://www.instagram.com/p/DeDeVwEE7NM/,,,,,,
公開戰績,2026年氣候盃全國高中職辯論比賽,2026-10-03,2,2,安樂高中,臺中女中,0,3,臺中女中,,,,,來源：主辦方公告（CDPA 2026-10-03 賽果貼文）。https://www.instagram.com/p/DeDeVwEE7NM/,,,,,,
公開戰績,2026年氣候盃全國高中職辯論比賽,2026-10-03,2,3,大直高中,延平中學,0,3,延平中學,,,,,來源：主辦方公告（CDPA 2026-10-03 賽果貼文）。https://www.instagram.com/p/DeDeVwEE7NM/,,,,,,
公開戰績,2026年氣候盃全國高中職辯論比賽,2026-10-03,2,4,南山高中,明倫高中,2,1,南山高中,,,,,來源：主辦方公告（CDPA 2026-10-03 賽果貼文）。https://www.instagram.com/p/DeDeVwEE7NM/,,,,,,
公開戰績,2026年氣候盃全國高中職辯論比賽,2026-10-03,3,1,北商五專,華僑高中,1,2,華僑高中,,,,,來源：主辦方公告（CDPA 2026-10-03 賽果貼文）。https://www.instagram.com/p/DeDeVwEE7NM/,,,,,,
公開戰績,2026年氣候盃全國高中職辯論比賽,2026-10-03,3,2,武陵高中,南山高中,2,1,武陵高中,,,,,來源：主辦方公告（CDPA 2026-10-03 賽果貼文）。https://www.instagram.com/p/DeDeVwEE7NM/,,,,,,
公開戰績,2026年氣候盃全國高中職辯論比賽,2026-10-03,3,3,陽明高中,臺中女中,0,3,臺中女中,,,,,來源：主辦方公告（CDPA 2026-10-03 賽果貼文）。https://www.instagram.com/p/DeDeVwEE7NM/,,,,,,
公開戰績,2026年氣候盃全國高中職辯論比賽,2026-10-03,3,4,延平中學,復旦高中,2,1,延平中學,,,,,來源：主辦方公告（CDPA 2026-10-03 賽果貼文）。https://www.instagram.com/p/DeDeVwEE7NM/,,,,,,
公開戰績,2026年氣候盃全國高中職辯論比賽,2026-10-04,1,1,華僑高中,武陵高中,1,2,武陵高中,,,,,準決賽賽果；來源：使用者回報（時段一評分單已上傳）。,,,,,,
公開戰績,2026年氣候盃全國高中職辯論比賽,2026-10-04,1,2,臺中女中,延平中學,1,2,延平中學,,,,,準決賽賽果；來源：使用者回報（時段一評分單已上傳）。,,,,,,
公開戰績,2026年氣候盃全國高中職辯論比賽,2026-10-04,,,武陵高中,延平中學,3,2,武陵高中,,,,,決賽場地：10F 國際會議廳（依先前使用者提供的賽程）；冠亞賽賽果來源：使用者回報（2026-10-04 最終賽果公告）。,,,,,,
公開榮譽,2026年氣候盃全國高中職辯論比賽,2026-10-04,,,,,,,,冠軍,武陵高中,,隊伍榮譽,來源：使用者回報（2026-10-04 最終賽果公告）。,,,,,,
公開榮譽,2026年氣候盃全國高中職辯論比賽,2026-10-04,,,,,,,,亞軍,延平中學,,隊伍榮譽,來源：使用者回報（2026-10-04 最終賽果公告）。,,,,,,
公開榮譽,2026年氣候盃全國高中職辯論比賽,2026-10-04,,,,,,,,季軍,臺中女中,,隊伍榮譽,來源：使用者回報（2026-10-04 最終賽果公告）。,,,,,,
公開榮譽,2026年氣候盃全國高中職辯論比賽,2026-10-04,,,,,,,,季軍,華僑高中,,隊伍榮譽,來源：使用者回報（2026-10-04 最終賽果公告）。,,,,,,
公開榮譽,2026年氣候盃全國高中職辯論比賽,2026-10-04,,,,,,,,最佳辯士,葉智安,武陵高中,個人榮譽,來源：使用者回報（2026-10-04 最終賽果公告）。,,,,,,全程最佳辯士
