資料類型,盃賽,日期,時段,會場,正方學校,反方學校,正方比分,反方比分,勝方,榮譽名稱,獲獎者,所屬學校,榮譽類型,備註,正方登場選手,反方登場選手,辯題,辯題解釋,分組名稱
公開戰績,第二十二屆延平盃全國高中職辯論賽,2025-02-28,1,1,桃園高中,建國中學,3,0,桃園高中,,,,,,,,,,寶劍組
公開戰績,第二十二屆延平盃全國高中職辯論賽,2025-02-28,1,2,武陵高中,溪湖高中,0,3,溪湖高中,,,,,,,,,,符咒學組
公開戰績,第二十二屆延平盃全國高中職辯論賽,2025-02-28,1,3,南山高中,中和高中,3,0,南山高中,,,,,,,,,,冠冕組
公開戰績,第二十二屆延平盃全國高中職辯論賽,2025-02-28,1,4,聖心女中,竹科實中,3,0,聖心女中,,,,,,,,,,藝術組
公開戰績,第二十二屆延平盃全國高中職辯論賽,2025-02-28,1,5,政大附中,曉明女中,1,2,曉明女中,,,,,,,,,,密室組
公開戰績,第二十二屆延平盃全國高中職辯論賽,2025-02-28,1,6,成淵高中,北一女中,2,1,成淵高中,,,,,,,,,,黑魔法組
公開戰績,第二十二屆延平盃全國高中職辯論賽,2025-02-28,1,7,永平高中,南湖高中,2,1,永平高中,,,,,,,,,,金盃組
公開戰績,第二十二屆延平盃全國高中職辯論賽,2025-02-28,1,8,和平高中,內壢高中,3,0,和平高中,,,,,,,,,,藥草學組
公開戰績,第二十二屆延平盃全國高中職辯論賽,2025-02-28,2,1,中和高中,延平中學B,2,1,中和高中,,,,,,,,,,冠冕組
公開戰績,第二十二屆延平盃全國高中職辯論賽,2025-02-28,2,2,板橋高中,聖心女中,3,0,板橋高中,,,,,,,,,,藝術組
公開戰績,第二十二屆延平盃全國高中職辯論賽,2025-02-28,2,3,市立大同,桃園高中,3,0,市立大同,,,,,,,,,,寶劍組
公開戰績,第二十二屆延平盃全國高中職辯論賽,2025-02-28,2,4,溪湖高中,臺中女中,0,3,臺中女中,,,,,,,,,,符咒學組
公開戰績,第二十二屆延平盃全國高中職辯論賽,2025-02-28,2,5,興大附中,永平高中,0,3,永平高中,,,,,,,,,,金盃組
公開戰績,第二十二屆延平盃全國高中職辯論賽,2025-02-28,2,6,永豐高中,和平高中,1,2,和平高中,,,,,,,,,,藥草學組
公開戰績,第二十二屆延平盃全國高中職辯論賽,2025-02-28,2,7,曉明女中,延平中學A,2,1,曉明女中,,,,,,,,,,密室組
公開戰績,第二十二屆延平盃全國高中職辯論賽,2025-02-28,2,8,高師附中,成淵高中,0,3,成淵高中,,,,,,,,,,黑魔法組
公開戰績,第二十二屆延平盃全國高中職辯論賽,2025-02-28,3,1,臺中女中,武陵高中,3,0,臺中女中,,,,,分組賽八強資格賽,,,,,符咒學組
公開戰績,第二十二屆延平盃全國高中職辯論賽,2025-02-28,3,2,建國中學,市立大同,0,3,市立大同,,,,,分組賽八強資格賽,,,,,寶劍組
公開戰績,第二十二屆延平盃全國高中職辯論賽,2025-02-28,3,3,竹科實中,板橋高中,3,0,竹科實中,,,,,分組賽八強資格賽,,,,,藝術組
公開戰績,第二十二屆延平盃全國高中職辯論賽,2025-02-28,3,4,延平中學B,南山高中,0,3,南山高中,,,,,分組賽八強資格賽,,,,,冠冕組
公開戰績,第二十二屆延平盃全國高中職辯論賽,2025-02-28,3,5,北一女中,高師附中,3,0,北一女中,,,,,分組賽八強資格賽,,,,,黑魔法組
公開戰績,第二十二屆延平盃全國高中職辯論賽,2025-02-28,3,6,延平中學A,政大附中,2,1,延平中學A,,,,,分組賽八強資格賽,,,,,密室組
公開戰績,第二十二屆延平盃全國高中職辯論賽,2025-02-28,3,7,內壢高中,永豐高中,3,0,內壢高中,,,,,分組賽八強資格賽,,,,,藥草學組
公開戰績,第二十二屆延平盃全國高中職辯論賽,2025-02-28,3,8,南湖高中,興大附中,3,0,南湖高中,,,,,分組賽八強資格賽,,,,,金盃組
公開戰績,第二十二屆延平盃全國高中職辯論賽,2025-03-01,1,1,市立大同,臺中女中,2,1,市立大同,,,,,八強賽,,,,,葛來分多組
公開戰績,第二十二屆延平盃全國高中職辯論賽,2025-03-01,1,2,南山高中,板橋高中,3,0,南山高中,,,,,八強賽,,,,,雷文克勞組
公開戰績,第二十二屆延平盃全國高中職辯論賽,2025-03-01,1,3,曉明女中,成淵高中,2,1,曉明女中,,,,,八強賽,,,,,史萊哲林組
公開戰績,第二十二屆延平盃全國高中職辯論賽,2025-03-01,1,4,永平高中,和平高中,3,0,永平高中,,,,,八強賽,,,,,赫夫帕夫組
公開榮譽,第二十二屆延平盃全國高中職辯論賽,2025-03-01,,,,,,,,冠軍,市立大同,,隊伍榮譽,,,,,,
公開榮譽,第二十二屆延平盃全國高中職辯論賽,2025-03-01,,,,,,,,亞軍,曉明女中,,隊伍榮譽,,,,,,
公開榮譽,第二十二屆延平盃全國高中職辯論賽,2025-03-01,,,,,,,,季軍,南山高中,,隊伍榮譽,,,,,,
公開榮譽,第二十二屆延平盃全國高中職辯論賽,2025-03-01,,,,,,,,季軍,永平高中,,隊伍榮譽,,,,,,
公開榮譽,第二十二屆延平盃全國高中職辯論賽,2025-03-01,,,,,,,,全程最佳辯士,蔡子竣,南山高中,個人榮譽,,,,,,
公開榮譽,第二十二屆延平盃全國高中職辯論賽,2025-03-01,,,,,,,,全程最佳辯士,金承陽,永平高中,個人榮譽,,,,,,
公開榮譽,第二十二屆延平盃全國高中職辯論賽,2025-03-01,,,,,,,,全程最佳辯士,蔡茂揚,市立大同,個人榮譽,,,,,,
公開榮譽,第二十二屆延平盃全國高中職辯論賽,2025-03-01,,,,,,,,全程最佳辯士,王文杉,南山高中,個人榮譽,,,,,,
公開榮譽,第二十二屆延平盃全國高中職辯論賽,2025-03-01,,,,,,,,同舟共濟獎,臺中女中,,隊伍榮譽,,,,,,
公開榮譽,第二十二屆延平盃全國高中職辯論賽,2025-02-28,,,,,,,,晉級,市立大同,,隊伍榮譽,八強｜寶劍組,,,,,
公開榮譽,第二十二屆延平盃全國高中職辯論賽,2025-02-28,,,,,,,,晉級,臺中女中,,隊伍榮譽,八強｜符咒學組,,,,,
公開榮譽,第二十二屆延平盃全國高中職辯論賽,2025-02-28,,,,,,,,晉級,南山高中,,隊伍榮譽,八強｜冠冕組,,,,,
公開榮譽,第二十二屆延平盃全國高中職辯論賽,2025-02-28,,,,,,,,晉級,板橋高中,,隊伍榮譽,八強｜藝術組：竹科實中、板橋高中、聖心女中各1勝、各3張評分單及3張架構（論點）單；辯士個人成績排名加總依序57、54、64，板橋高中晉級。,,,,,
公開榮譽,第二十二屆延平盃全國高中職辯論賽,2025-02-28,,,,,,,,晉級,曉明女中,,隊伍榮譽,八強｜密室組,,,,,
公開榮譽,第二十二屆延平盃全國高中職辯論賽,2025-02-28,,,,,,,,晉級,成淵高中,,隊伍榮譽,八強｜黑魔法組,,,,,
公開榮譽,第二十二屆延平盃全國高中職辯論賽,2025-02-28,,,,,,,,晉級,永平高中,,隊伍榮譽,八強｜金盃組,,,,,
公開榮譽,第二十二屆延平盃全國高中職辯論賽,2025-02-28,,,,,,,,晉級,和平高中,,隊伍榮譽,八強｜藥草學組,,,,,
公開榮譽,第二十二屆延平盃全國高中職辯論賽,2025-02-28,,,,,,,,晉級,市立大同,,隊伍榮譽,四強｜葛來分多組,,,,,
公開榮譽,第二十二屆延平盃全國高中職辯論賽,2025-02-28,,,,,,,,晉級,南山高中,,隊伍榮譽,四強｜雷文克勞組,,,,,
公開榮譽,第二十二屆延平盃全國高中職辯論賽,2025-02-28,,,,,,,,晉級,曉明女中,,隊伍榮譽,四強｜史萊哲林組,,,,,
公開榮譽,第二十二屆延平盃全國高中職辯論賽,2025-02-28,,,,,,,,晉級,永平高中,,隊伍榮譽,四強｜赫夫帕夫組,,,,,
辯題,第二十二屆延平盃全國高中職辯論賽,,,,,,,,,,,,,,,,世界糧食計劃署的糧食援助對受捐助國利大於弊／世界糧食計劃署的糧食援助對受捐助國弊大於利,,
