資料類型,盃賽,日期,時段,會場,正方學校,反方學校,正方比分,反方比分,勝方,榮譽名稱,獲獎者,所屬學校,榮譽類型,備註,正方登場選手,反方登場選手,辯題,辯題解釋,榮譽層級
公開戰績,第十四屆風雩盃中學辯論錦標賽,2025-05-17,1,1,松山高中,北一女中,0,3,北一女中,,,,,初賽第一時段,,,,,
公開戰績,第十四屆風雩盃中學辯論錦標賽,2025-05-17,1,2,高雄中學,平鎮高中,2,1,高雄中學,,,,,初賽第一時段,,,,,
公開戰績,第十四屆風雩盃中學辯論錦標賽,2025-05-17,1,3,竹科實中,復旦高中,2,1,竹科實中,,,,,初賽第一時段,,,,,
公開戰績,第十四屆風雩盃中學辯論錦標賽,2025-05-17,1,4,內湖高中,成功高中,0,3,成功高中,,,,,初賽第一時段,,,,,
公開戰績,第十四屆風雩盃中學辯論錦標賽,2025-05-17,1,5,中和高中,武陵高中,0,3,武陵高中,,,,,初賽第一時段,,,,,
公開戰績,第十四屆風雩盃中學辯論錦標賽,2025-05-17,2,1,東山高中,明倫高中,2,1,東山高中,,,,,初賽第二時段,,,,,
公開戰績,第十四屆風雩盃中學辯論錦標賽,2025-05-17,2,2,平鎮高中,斗六高中,0,3,斗六高中,,,,,初賽第二時段,,,,,
公開戰績,第十四屆風雩盃中學辯論錦標賽,2025-05-17,2,3,師大附中,竹科實中,1,2,竹科實中,,,,,初賽第二時段,,,,,
公開戰績,第十四屆風雩盃中學辯論錦標賽,2025-05-17,2,4,政大附中,興國高中,1,2,興國高中,,,,,初賽第二時段,,,,,
公開戰績,第十四屆風雩盃中學辯論錦標賽,2025-05-17,2,5,武陵高中,明道高中,1,2,明道高中,,,,,初賽第二時段,,,,,
公開戰績,第十四屆風雩盃中學辯論錦標賽,2025-05-17,2,6,中山女高,臺中女中,1,2,臺中女中,,,,,初賽第二時段,,,,,
公開戰績,第十四屆風雩盃中學辯論錦標賽,2025-05-17,3,1,竹北高中,松山高中,1,2,松山高中,,,,,初賽第三時段,,,,,
公開戰績,第十四屆風雩盃中學辯論錦標賽,2025-05-17,3,2,竹東高中,東山高中,2,1,竹東高中,,,,,初賽第三時段,,,,,
公開戰績,第十四屆風雩盃中學辯論錦標賽,2025-05-17,3,3,復旦高中,師大附中,1,2,師大附中,,,,,初賽第三時段,,,,,
公開戰績,第十四屆風雩盃中學辯論錦標賽,2025-05-17,3,4,成功高中,建國中學,0,3,建國中學,,,,,初賽第三時段,,,,,
公開戰績,第十四屆風雩盃中學辯論錦標賽,2025-05-17,3,5,延平中學,政大附中,3,0,延平中學,,,,,初賽第三時段,,,,,
公開戰績,第十四屆風雩盃中學辯論錦標賽,2025-05-17,3,6,臺中女中,中山女高,3,0,臺中女中,,,,,初賽第三時段,,,,,
公開戰績,第十四屆風雩盃中學辯論錦標賽,2025-05-17,4,1,北一女中,竹北高中,3,0,北一女中,,,,,初賽第四時段；公告八強,,,,,
公開戰績,第十四屆風雩盃中學辯論錦標賽,2025-05-17,4,2,明倫高中,竹東高中,0,3,竹東高中,,,,,初賽第四時段；公告八強,,,,,
公開戰績,第十四屆風雩盃中學辯論錦標賽,2025-05-17,4,3,斗六高中,高雄中學,0,3,高雄中學,,,,,初賽第四時段；公告八強,,,,,
公開戰績,第十四屆風雩盃中學辯論錦標賽,2025-05-17,4,4,興國高中,延平中學,1,2,延平中學,,,,,初賽第四時段；公告八強,,,,,
公開戰績,第十四屆風雩盃中學辯論錦標賽,2025-05-17,4,5,明道高中,中和高中,3,0,明道高中,,,,,初賽第四時段；公告八強,,,,,
公開戰績,第十四屆風雩盃中學辯論錦標賽,2025-05-17,4,6,建國中學,內湖高中,3,0,建國中學,,,,,初賽第四時段；公告八強,,,,,
公開戰績,第十四屆風雩盃中學辯論錦標賽,2025-05-18,5,1,北一女中,高雄中學,0,3,高雄中學,,,,,複賽第一時段；公告四強,,,,,
公開戰績,第十四屆風雩盃中學辯論錦標賽,2025-05-18,5,2,竹科實中,建國中學,2,1,竹科實中,,,,,複賽第一時段；公告四強,,,,,
公開戰績,第十四屆風雩盃中學辯論錦標賽,2025-05-18,5,3,明道高中,延平中學,1,2,延平中學,,,,,複賽第一時段；公告四強,,,,,
公開戰績,第十四屆風雩盃中學辯論錦標賽,2025-05-18,5,4,臺中女中,竹東高中,3,0,臺中女中,,,,,複賽第一時段；公告四強,,,,,
公開戰績,第十四屆風雩盃中學辯論錦標賽,2025-05-18,6,1,高雄中學,竹科實中,3,0,高雄中學,,,,,複賽第二時段,,,,,
公開戰績,第十四屆風雩盃中學辯論錦標賽,2025-05-18,6,2,延平中學,臺中女中,0,3,臺中女中,,,,,複賽第二時段,,,,,
公開榮譽,第十四屆風雩盃中學辯論錦標賽,2025-05-18,,,,,,,,冠軍,高雄中學,高雄中學,team,,,,,,
公開榮譽,第十四屆風雩盃中學辯論錦標賽,2025-05-18,,,,,,,,亞軍,臺中女中,臺中女中,team,,,,,,
公開榮譽,第十四屆風雩盃中學辯論錦標賽,2025-05-18,,,,,,,,季軍,竹科實中,竹科實中,team,,,,,,
公開榮譽,第十四屆風雩盃中學辯論錦標賽,2025-05-18,,,,,,,,殿軍,延平中學,延平中學,team,,,,,,
公開榮譽,第十四屆風雩盃中學辯論錦標賽,2025-05-18,,,,,,,,最佳辯士,陳秉銨,高雄中學,player,,,,,,全程最佳辯士
公開榮譽,第十四屆風雩盃中學辯論錦標賽,2025-05-18,,,,,,,,最佳辯士,鄭宇庭,臺中女中,player,,,,,,全程最佳辯士
公開榮譽,第十四屆風雩盃中學辯論錦標賽,2025-05-18,,,,,,,,最佳辯士,林奕鋐,竹科實中,player,,,,,,全程最佳辯士
公開榮譽,第十四屆風雩盃中學辯論錦標賽,2025-05-18,,,,,,,,最佳辯士,蕭容琇,臺中女中,player,,,,,,全程最佳辯士
辯題,第十四屆風雩盃中學辯論錦標賽,,,,,,,,,,,,,,,,學歷通膨現象是一件好事／壞事,"在知識經濟時代，高等教育的普及化已成為全球趨勢。隨著學士、碩博士入學率的持續攀升，學歷通膨現象日益明顯——曾經稀缺珍貴的大學學歷，如今已成為大多就業市場的基本門檻。這一現象引發了廣泛討論：學歷通膨究竟是社會進步的標誌，還是教育體系失衡的警訊？

學歷通膨首先反映了教育機會的平等化和民主化。過去，高等教育主要是菁英階層的特權，而今天，來自不同社會背景的人都有機會踏入高等教育。這種變化打破了傳統的階級壁壘，提供了更多社會流動的可能。統計數據顯示，近幾十年來，全球範圍內的大學入學率顯著提高，第一代大學生比例不斷增加。這意味著更多原本可能被排除在高等教育之外的群體——低收入家庭子女、少數族群、農村地區學生——現在能夠通過教育改變自己的命運，有助於建立更加公平的社會結構。亦有認為，學歷通膨反映著社會整體的知識水準和素質的提升，高等教育不僅傳授專業知識，還培養批判性思維、溝通能力和終身學習的習慣。這些能力對於應對當今快速變化的世界至關重要。

然而，學歷通膨也帶來了嚴重的教育資源浪費問題。當大學學歷成為就業的基本門檻時，許多人被迫投入更多時間和金錢獲取更高學歷，即使這些學歷對其實際工作能力的提升有限。這種「學歷競賽」不僅浪費了個人資源，也浪費了社會資源。從個人角度看，學生需要花費數年時間和大量金錢獲取學位，這些資源本可用於其他生產性活動或實際技能培訓。從社會角度看，政府和教育機構投入大量資金擴建大學和支持高等教育，但如果畢業生的知識和技能與就業市場需求不匹配，這些投資的回報率將大幅降低。此外，過度強調學歷的就業環境扭曲了教育的本質，不再是為了培養全面發展的人才和公民，而是淪為獲取就業「門票」的工具。這種功利主義的觀念長期來看可能削弱社會的創新活力和競爭力。

究竟「學歷通膨是好事／壞事？」有待場上辯士為我們解答。",
