資料類型,盃賽,日期,時段,會場,正方學校,反方學校,正方比分,反方比分,勝方,榮譽名稱,獲獎者,所屬學校,榮譽類型,備註,正方登場選手,反方登場選手,辯題,辯題解釋,推定依據
公開戰績,第二十屆宮燈盃辯論公開賽青少年組,2026-09-25,1,,Harve,白烏鴉辯論隊,0,9,白烏鴉辯論隊,,,,,D1-1,,,,,時段依公告標記 D1-1 推定
公開榮譽,第二十屆宮燈盃辯論公開賽青少年組,2026-09-25,1,,,,,,,單場最佳辯士,高偉承,白烏鴉辯論隊,個人榮譽,D1-1,,,,,
公開戰績,第二十屆宮燈盃辯論公開賽青少年組,2026-09-25,1,,最佳英鎊辯論隊,成淵高中,9,0,最佳英鎊辯論隊,,,,,D1-1,,,,,時段依公告標記 D1-1 推定
公開榮譽,第二十屆宮燈盃辯論公開賽青少年組,2026-09-25,1,,,,,,,單場最佳辯士,黃忻恩,最佳英鎊辯論隊,個人榮譽,D1-1,,,,,
公開榮譽,第二十屆宮燈盃辯論公開賽青少年組,2026-09-25,1,,,,,,,單場最佳辯士,潘彥成,成淵高中,個人榮譽,D1-1,,,,,
公開戰績,第二十屆宮燈盃辯論公開賽青少年組,2026-09-25,1,,建竹實聯隊,殘陽是香香軟軟小蛋糕,6.5,2.5,建竹實聯隊,,,,,D1-1,,,,,時段依公告標記 D1-1 推定
公開榮譽,第二十屆宮燈盃辯論公開賽青少年組,2026-09-25,1,,,,,,,單場最佳辯士,張育棋,建竹實聯隊,個人榮譽,D1-1,,,,,
公開戰績,第二十屆宮燈盃辯論公開賽青少年組,2026-09-25,1,,成功口技社,誤入商噎帝國的長髮男,0,9,誤入商噎帝國的長髮男,,,,,D1-1,,,,,時段依公告標記 D1-1 推定
公開榮譽,第二十屆宮燈盃辯論公開賽青少年組,2026-09-25,1,,,,,,,單場最佳辯士,董科男,誤入商噎帝國的長髮男,個人榮譽,D1-1,,,,,
公開戰績,第二十屆宮燈盃辯論公開賽青少年組,2026-09-25,2,,世宣67,南湖高中,7.5,1.5,世宣67,,,,,D1-2,,,,,時段依公告標記 D1-2 推定
公開榮譽,第二十屆宮燈盃辯論公開賽青少年組,2026-09-25,2,,,,,,,單場最佳辯士,謝欣瑜,南湖高中,個人榮譽,D1-2,,,,,
公開戰績,第二十屆宮燈盃辯論公開賽青少年組,2026-09-25,2,,竹林七賢,衛道中學辯論社,4.5,4.5,竹林七賢,,,,,D1-2；總結票比數 2：1，公告判定正方勝,,,,,時段依公告標記 D1-2 推定
公開榮譽,第二十屆宮燈盃辯論公開賽青少年組,2026-09-25,2,,,,,,,單場最佳辯士,洪棋恩,竹林七賢,個人榮譽,D1-2,,,,,
公開戰績,第二十屆宮燈盃辯論公開賽青少年組,2026-09-25,2,,殘陽是香香軟軟小蛋糕,大家都不想講話,0,9,大家都不想講話,,,,,D1-2,,,,,時段依公告標記 D1-2 推定
公開榮譽,第二十屆宮燈盃辯論公開賽青少年組,2026-09-25,2,,,,,,,單場最佳辯士,吳翰宇,大家都不想講話,個人榮譽,D1-2,,,,,
公開戰績,第二十屆宮燈盃辯論公開賽青少年組,2026-09-25,2,,宮燈最佳辯士,澎湖一中,2,7,澎湖一中,,,,,D1-2,,,,,時段依公告標記 D1-2 推定
公開榮譽,第二十屆宮燈盃辯論公開賽青少年組,2026-09-25,2,,,,,,,單場最佳辯士,陳廣賢,澎湖一中,個人榮譽,D1-2,,,,,
公開戰績,第二十屆宮燈盃辯論公開賽青少年組,2026-09-26,1,1,大家都不想講話,建竹實聯隊,0,9,建竹實聯隊,,,,,D2-1,,,,,時段依公告標記 D2-1 推定；第二天 D2-1 公告順序依序對應會場1
公開榮譽,第二十屆宮燈盃辯論公開賽青少年組,2026-09-26,1,,,,,,,單場最佳辯士,張育棋,建竹實聯隊,個人榮譽,D2-1,,,,,
公開戰績,第二十屆宮燈盃辯論公開賽青少年組,2026-09-26,1,2,成淵高中,最佳英鎊辯論隊,0,9,最佳英鎊辯論隊,,,,,D2-1,,,,,時段依公告標記 D2-1 推定；第二天 D2-1 公告順序依序對應會場2
公開榮譽,第二十屆宮燈盃辯論公開賽青少年組,2026-09-26,1,,,,,,,單場最佳辯士,吳易睿,最佳英鎊辯論隊,個人榮譽,D2-1,,,,,
公開戰績,第二十屆宮燈盃辯論公開賽青少年組,2026-09-26,1,3,白烏鴉辯論隊,南山高中,2.5,6.5,南山高中,,,,,D2-1,,,,,時段依公告標記 D2-1 推定；第二天 D2-1 公告順序依序對應會場3
公開榮譽,第二十屆宮燈盃辯論公開賽青少年組,2026-09-26,1,,,,,,,單場最佳辯士,高偉承,白烏鴉辯論隊,個人榮譽,D2-1,,,,,
公開戰績,第二十屆宮燈盃辯論公開賽青少年組,2026-09-26,1,4,誤入商噎帝國的長髮男,成功口技社,0,9,成功口技社,,,,,D2-1,,,,,時段依公告標記 D2-1 推定；第二天 D2-1 公告順序依序對應會場4
公開榮譽,第二十屆宮燈盃辯論公開賽青少年組,2026-09-26,1,,,,,,,單場最佳辯士,陳羿廷,成功口技社,個人榮譽,D2-1,,,,,
公開戰績,第二十屆宮燈盃辯論公開賽青少年組,2026-09-26,2,1,南山高中,Harve,4,5,Harve,,,,,D2-2,,,,,時段依公告標記 D2-2 推定；第二天 D2-2 公告順序依序對應會場1
公開榮譽,第二十屆宮燈盃辯論公開賽青少年組,2026-09-26,2,,,,,,,單場最佳辯士,于潤萱,南山高中,個人榮譽,D2-2,,,,,
公開戰績,第二十屆宮燈盃辯論公開賽青少年組,2026-09-26,2,2,衛道中學辯論社,竹林七賢,3,6,竹林七賢,,,,,D2-2,,,,,時段依公告標記 D2-2 推定；第二天 D2-2 公告順序依序對應會場2
公開榮譽,第二十屆宮燈盃辯論公開賽青少年組,2026-09-26,2,,,,,,,單場最佳辯士,張承儀,衛道中學辯論社,個人榮譽,D2-2,,,,,
公開戰績,第二十屆宮燈盃辯論公開賽青少年組,2026-09-26,2,3,南湖高中,世宣67,3,6,世宣67,,,,,D2-2,,,,,時段依公告標記 D2-2 推定；第二天 D2-2 公告順序依序對應會場3
公開榮譽,第二十屆宮燈盃辯論公開賽青少年組,2026-09-26,2,,,,,,,單場最佳辯士,孫興宸,世宣67,個人榮譽,D2-2,,,,,
公開戰績,第二十屆宮燈盃辯論公開賽青少年組,2026-09-26,2,4,澎湖一中,宮燈最佳辯士,0,9,宮燈最佳辯士,,,,,D2-2,,,,,時段依公告標記 D2-2 推定；第二天 D2-2 公告順序依序對應會場4
公開榮譽,第二十屆宮燈盃辯論公開賽青少年組,2026-09-26,2,,,,,,,單場最佳辯士,林宥澄,宮燈最佳辯士,個人榮譽,D2-2,,,,,
公開榮譽,第二十屆宮燈盃辯論公開賽青少年組,2026-09-26,2,,,,,,,單場最佳辯士,林毓晴,宮燈最佳辯士,個人榮譽,D2-2,,,,,
公開戰績,第二十屆宮燈盃辯論公開賽青少年組,2026-09-26,3,1,白烏鴉辯論隊,最佳英鎊辯論隊,5,4,白烏鴉辯論隊,,,,,D2-3,,,,,時段依公告標記 D2-3 推定；第二天 D2-3 公告順序依序對應會場1
公開榮譽,第二十屆宮燈盃辯論公開賽青少年組,2026-09-26,3,,,,,,,單場最佳辯士,高偉承,白烏鴉辯論隊,個人榮譽,D2-3,,,,,
公開戰績,第二十屆宮燈盃辯論公開賽青少年組,2026-09-26,3,2,陽交附中,世宣67,3,6,世宣67,,,,,D2-3,,,,,時段依公告標記 D2-3 推定；第二天 D2-3 公告順序依序對應會場2
公開榮譽,第二十屆宮燈盃辯論公開賽青少年組,2026-09-26,3,,,,,,,單場最佳辯士,孫興宸,世宣67,個人榮譽,D2-3,,,,,
公開戰績,第二十屆宮燈盃辯論公開賽青少年組,2026-09-26,3,3,成功口技社,宮燈最佳辯士,9,0,成功口技社,,,,,D2-3,,,,,時段依公告標記 D2-3 推定；第二天 D2-3 公告順序依序對應會場3
公開榮譽,第二十屆宮燈盃辯論公開賽青少年組,2026-09-26,3,,,,,,,單場最佳辯士,陳羿廷,成功口技社,個人榮譽,D2-3,,,,,
公開戰績,第二十屆宮燈盃辯論公開賽青少年組,2026-09-26,3,4,竹林七賢,建竹實聯隊,0,9,建竹實聯隊,,,,,D2-3,,,,,時段依公告標記 D2-3 推定；第二天 D2-3 公告順序依序對應會場4
公開榮譽,第二十屆宮燈盃辯論公開賽青少年組,2026-09-26,3,,,,,,,單場最佳辯士,張育棋,建竹實聯隊,個人榮譽,D2-3,,,,,
公開戰績,第二十屆宮燈盃辯論公開賽青少年組,2026-09-27,1,1,白烏鴉辯論隊,世宣67,4,5,世宣67,,,,,D3 複賽,,,,,時段依同日先複賽後決賽；會場依四強分配1、2號場推定
公開榮譽,第二十屆宮燈盃辯論公開賽青少年組,2026-09-27,1,,,,,,,單場最佳辯士,高偉承,白烏鴉辯論隊,個人榮譽,D3 複賽,,,,,
公開戰績,第二十屆宮燈盃辯論公開賽青少年組,2026-09-27,1,2,成功口技社,建竹實聯隊,1,8,建竹實聯隊,,,,,D3 複賽,,,,,時段依同日先複賽後決賽；會場依四強分配1、2號場推定
公開榮譽,第二十屆宮燈盃辯論公開賽青少年組,2026-09-27,1,,,,,,,單場最佳辯士,張育棋,建竹實聯隊,個人榮譽,D3 複賽,,,,,
公開戰績,第二十屆宮燈盃辯論公開賽青少年組,2026-09-27,2,1,世宣67,建竹實聯隊,3,12,建竹實聯隊,,,,,D3 決賽,,,,,時段依同日複賽後舉行決賽；會場依冠亞賽使用1號場推定
公開榮譽,第二十屆宮燈盃辯論公開賽青少年組,2026-09-27,2,,,,,,,單場最佳辯士,張育棋,建竹實聯隊,個人榮譽,D3 決賽,,,,,
公開榮譽,第二十屆宮燈盃辯論公開賽青少年組,2026-09-27,,,,,,,,冠軍,建竹實聯隊,,隊伍榮譽,,,,,,
公開榮譽,第二十屆宮燈盃辯論公開賽青少年組,2026-09-27,,,,,,,,亞軍,世宣67,,隊伍榮譽,,,,,,
公開榮譽,第二十屆宮燈盃辯論公開賽青少年組,2026-09-27,,,,,,,,季軍,白烏鴉辯論隊,,隊伍榮譽,,,,,,
公開榮譽,第二十屆宮燈盃辯論公開賽青少年組,2026-09-27,,,,,,,,季軍,成功口技社,,隊伍榮譽,,,,,,
辯題,第二十屆宮燈盃辯論公開賽青少年組,,,,,,,,,,,,,,,,如果你撿到一本死亡筆記本，你要使用它/銷毀它,,
公開榮譽,第二十屆宮燈盃辯論公開賽青少年組,2026-09-28,,,,,,,,全程最佳辯士,張育棋,建竹實聯隊,個人榮譽,,,,,,,
公開榮譽,第二十屆宮燈盃辯論公開賽青少年組,2026-09-28,,,,,,,,粉紅色的雪,黃忻恩,最佳英鎊辯論隊,個人榮譽,,,,,,,
