資料類型,盃賽,日期,時段,會場,正方學校,反方學校,正方比分,反方比分,勝方,榮譽名稱,獲獎者,所屬學校,榮譽類型,備註,正方登場選手,反方登場選手,辯題,辯題解釋,分組名稱,推定依據,榮譽層級
辯題,第六屆台北市政願景盃辯論比賽,,,,,,,,,,,,,來源：第六屆願景盃秩序冊。https://drive.google.com/file/d/10hjHgyzxepPNj27jpvvy8VmlmwHNEAht/view,,,我國普通刑法應廢除死刑,秩序冊以憲法法庭113年憲判字第8號判決後的死刑存廢爭議為背景，要求雙方比較生命權、被害人權益、司法誤判、嚇阻效果與社會安全等理由。,,,
公開戰績,第六屆台北市政願景盃辯論比賽,2024-12-14,1,1,內湖高中,薇閣中學,0,3,薇閣中學,,,,,官方公告未明示正反持方；正反欄依公告左右順序暫列，不代表實際持方。 來源：台北願景盃辯論賽官方公告。https://www.facebook.com/permalink.php?story_fbid=pfbid0VF233eBsLy3MDfrQ4dAbjMXdYTR3HwamqBFhrnhpuniZ4E1uJ4QnKCLJsHPjr6k5l&id=100064790646409,,,,,,隊伍順序依官方文字公告的左右排列；勝方依公告票數或最終名次。,
公開戰績,第六屆台北市政願景盃辯論比賽,2024-12-14,1,2,成功高中,臺北市立中正高中,3,0,成功高中,,,,,官方公告未明示正反持方；正反欄依公告左右順序暫列，不代表實際持方。 來源：台北願景盃辯論賽官方公告。https://www.facebook.com/permalink.php?story_fbid=pfbid0VF233eBsLy3MDfrQ4dAbjMXdYTR3HwamqBFhrnhpuniZ4E1uJ4QnKCLJsHPjr6k5l&id=100064790646409,,,,,,隊伍順序依官方文字公告的左右排列；勝方依公告票數或最終名次。,
公開戰績,第六屆台北市政願景盃辯論比賽,2024-12-14,1,3,百齡高中,大直高中,2,1,百齡高中,,,,,官方公告未明示正反持方；正反欄依公告左右順序暫列，不代表實際持方。 來源：台北願景盃辯論賽官方公告。https://www.facebook.com/permalink.php?story_fbid=pfbid0VF233eBsLy3MDfrQ4dAbjMXdYTR3HwamqBFhrnhpuniZ4E1uJ4QnKCLJsHPjr6k5l&id=100064790646409,,,,,,隊伍順序依官方文字公告的左右排列；勝方依公告票數或最終名次。,
公開戰績,第六屆台北市政願景盃辯論比賽,2024-12-14,1,4,建國中學,麗山高中,2,1,建國中學,,,,,官方公告未明示正反持方；正反欄依公告左右順序暫列，不代表實際持方。 來源：台北願景盃辯論賽官方公告。https://www.facebook.com/permalink.php?story_fbid=pfbid0VF233eBsLy3MDfrQ4dAbjMXdYTR3HwamqBFhrnhpuniZ4E1uJ4QnKCLJsHPjr6k5l&id=100064790646409,,,,,,隊伍順序依官方文字公告的左右排列；勝方依公告票數或最終名次。,
公開戰績,第六屆台北市政願景盃辯論比賽,2024-12-14,2,1,薇閣中學,成功高中,0,3,成功高中,,,,,官方公告未明示正反持方；正反欄依公告左右順序暫列，不代表實際持方。 來源：台北願景盃辯論賽官方公告。https://www.facebook.com/permalink.php?story_fbid=pfbid0xsgDhnvXAuTgRjRctzqgvDcphpXe3rAwkXiSta4QbmQLGWNG7ZnT7qWvrPjCNe4al&id=100064790646409,,,,,,隊伍順序依官方文字公告的左右排列；勝方依公告票數或最終名次。,
公開戰績,第六屆台北市政願景盃辯論比賽,2024-12-14,2,2,臺北市立中正高中,師大附中,0,3,師大附中,,,,,官方公告未明示正反持方；正反欄依公告左右順序暫列，不代表實際持方。 來源：台北願景盃辯論賽官方公告。https://www.facebook.com/permalink.php?story_fbid=pfbid0xsgDhnvXAuTgRjRctzqgvDcphpXe3rAwkXiSta4QbmQLGWNG7ZnT7qWvrPjCNe4al&id=100064790646409,,,,,,隊伍順序依官方文字公告的左右排列；勝方依公告票數或最終名次。,
公開戰績,第六屆台北市政願景盃辯論比賽,2024-12-14,2,3,大直高中,和平高中,0,3,和平高中,,,,,官方公告未明示正反持方；正反欄依公告左右順序暫列，不代表實際持方。 來源：台北願景盃辯論賽官方公告。https://www.facebook.com/permalink.php?story_fbid=pfbid0xsgDhnvXAuTgRjRctzqgvDcphpXe3rAwkXiSta4QbmQLGWNG7ZnT7qWvrPjCNe4al&id=100064790646409,,,,,,隊伍順序依官方文字公告的左右排列；勝方依公告票數或最終名次。,
公開戰績,第六屆台北市政願景盃辯論比賽,2024-12-14,2,4,麗山高中,北商五專,3,0,麗山高中,,,,,官方公告未明示正反持方；正反欄依公告左右順序暫列，不代表實際持方。 來源：台北願景盃辯論賽官方公告。https://www.facebook.com/permalink.php?story_fbid=pfbid0xsgDhnvXAuTgRjRctzqgvDcphpXe3rAwkXiSta4QbmQLGWNG7ZnT7qWvrPjCNe4al&id=100064790646409,,,,,,隊伍順序依官方文字公告的左右排列；勝方依公告票數或最終名次。,
公開戰績,第六屆台北市政願景盃辯論比賽,2024-12-14,3,1,成功高中A,內湖高中,3,0,成功高中A,,,,,官方公告未明示正反持方；正反欄依公告左右順序暫列，不代表實際持方。 來源：台北願景盃辯論賽官方公告。https://www.facebook.com/permalink.php?story_fbid=pfbid02eX6WexsHzXBRaLWeYSR4as7rSnkM6uCbpkLvEYrF1ucKQH2aVWty8bRvPU7XrJdRl&id=100064790646409,,,,,,隊伍順序依官方文字公告的左右排列；勝方依公告票數或最終名次。,
公開戰績,第六屆台北市政願景盃辯論比賽,2024-12-14,3,2,師大附中,成功高中B,3,0,師大附中,,,,,官方公告未明示正反持方；正反欄依公告左右順序暫列，不代表實際持方。 來源：台北願景盃辯論賽官方公告。https://www.facebook.com/permalink.php?story_fbid=pfbid02eX6WexsHzXBRaLWeYSR4as7rSnkM6uCbpkLvEYrF1ucKQH2aVWty8bRvPU7XrJdRl&id=100064790646409,,,,,,隊伍順序依官方文字公告的左右排列；勝方依公告票數或最終名次。,
公開戰績,第六屆台北市政願景盃辯論比賽,2024-12-14,3,3,和平高中,百齡高中,1,2,百齡高中,,,,,官方公告未明示正反持方；正反欄依公告左右順序暫列，不代表實際持方。 來源：台北願景盃辯論賽官方公告。https://www.facebook.com/permalink.php?story_fbid=pfbid02eX6WexsHzXBRaLWeYSR4as7rSnkM6uCbpkLvEYrF1ucKQH2aVWty8bRvPU7XrJdRl&id=100064790646409,,,,,,隊伍順序依官方文字公告的左右排列；勝方依公告票數或最終名次。,
公開戰績,第六屆台北市政願景盃辯論比賽,2024-12-14,3,4,北商五專,建國中學,0,3,建國中學,,,,,官方公告未明示正反持方；正反欄依公告左右順序暫列，不代表實際持方。 來源：台北願景盃辯論賽官方公告。https://www.facebook.com/permalink.php?story_fbid=pfbid02eX6WexsHzXBRaLWeYSR4as7rSnkM6uCbpkLvEYrF1ucKQH2aVWty8bRvPU7XrJdRl&id=100064790646409,,,,,,隊伍順序依官方文字公告的左右排列；勝方依公告票數或最終名次。,
公開戰績,第六屆台北市政願景盃辯論比賽,2024-12-14,4,1,成功高中A,師大附中,3,0,成功高中A,,,,,官方公告未明示正反持方；正反欄依公告左右順序暫列，不代表實際持方。 來源：台北願景盃辯論賽官方公告。https://www.facebook.com/permalink.php?story_fbid=pfbid0311C8BndTj5KuL1bxuJX32E5v5WjcP7sMm7GFoMCP9xCnU1xkAizPt3qfggV48kbWl&id=100064790646409,,,,,,隊伍順序依官方文字公告的左右排列；勝方依公告票數或最終名次。,
公開戰績,第六屆台北市政願景盃辯論比賽,2024-12-14,4,2,百齡高中,建國中學,3,0,百齡高中,,,,,官方公告未明示正反持方；正反欄依公告左右順序暫列，不代表實際持方。 來源：台北願景盃辯論賽官方公告。https://www.facebook.com/permalink.php?story_fbid=pfbid0311C8BndTj5KuL1bxuJX32E5v5WjcP7sMm7GFoMCP9xCnU1xkAizPt3qfggV48kbWl&id=100064790646409,,,,,,隊伍順序依官方文字公告的左右排列；勝方依公告票數或最終名次。,
公開戰績,第六屆台北市政願景盃辯論比賽,2024-12-15,,,成功高中A,百齡高中,,,成功高中A,,,,,決賽地點為成功高中多功能自學中心。決賽對戰依前一日四強晉級公告，勝方依最終冠亞軍公告；官方未公布比分。 官方公告未明示正反持方；正反欄依公告左右順序暫列，不代表實際持方。 來源：台北願景盃辯論賽官方公告。https://www.facebook.com/permalink.php?story_fbid=pfbid0XcQScbeMEjJ9dtECoRSch63tFM6g1wzP6i8yCu6v9eBgk4qtDm8LweaQnNSauBwQl&id=100064790646409,,,,,,隊伍順序依官方文字公告的左右排列；勝方依公告票數或最終名次。,
公開榮譽,第六屆台北市政願景盃辯論比賽,2024-12-15,,,,,,,,冠軍,成功高中A,,隊伍榮譽,來源：台北願景盃辯論賽官方賽果公告。https://www.facebook.com/permalink.php?story_fbid=pfbid0XcQScbeMEjJ9dtECoRSch63tFM6g1wzP6i8yCu6v9eBgk4qtDm8LweaQnNSauBwQl&id=100064790646409,,,,,,,
公開榮譽,第六屆台北市政願景盃辯論比賽,2024-12-15,,,,,,,,亞軍,百齡高中,,隊伍榮譽,來源：台北願景盃辯論賽官方賽果公告。https://www.facebook.com/permalink.php?story_fbid=pfbid0XcQScbeMEjJ9dtECoRSch63tFM6g1wzP6i8yCu6v9eBgk4qtDm8LweaQnNSauBwQl&id=100064790646409,,,,,,,
公開榮譽,第六屆台北市政願景盃辯論比賽,2024-12-15,,,,,,,,季軍,師大附中,,隊伍榮譽,來源：台北願景盃辯論賽官方賽果公告。https://www.facebook.com/permalink.php?story_fbid=pfbid0XcQScbeMEjJ9dtECoRSch63tFM6g1wzP6i8yCu6v9eBgk4qtDm8LweaQnNSauBwQl&id=100064790646409,,,,,,,
公開榮譽,第六屆台北市政願景盃辯論比賽,2024-12-15,,,,,,,,季軍,建國中學,,隊伍榮譽,來源：台北願景盃辯論賽官方賽果公告。https://www.facebook.com/permalink.php?story_fbid=pfbid0XcQScbeMEjJ9dtECoRSch63tFM6g1wzP6i8yCu6v9eBgk4qtDm8LweaQnNSauBwQl&id=100064790646409,,,,,,,
公開榮譽,第六屆台北市政願景盃辯論比賽,2024-12-15,,,,,,,,最佳辯士,楊璽勳,成功高中,個人榮譽,來源：台北願景盃辯論賽官方賽果公告。https://www.facebook.com/permalink.php?story_fbid=pfbid0XcQScbeMEjJ9dtECoRSch63tFM6g1wzP6i8yCu6v9eBgk4qtDm8LweaQnNSauBwQl&id=100064790646409,,,,,,,全程最佳辯士
公開榮譽,第六屆台北市政願景盃辯論比賽,2024-12-15,,,,,,,,最佳辯士,張陳樂,成功高中,個人榮譽,來源：台北願景盃辯論賽官方賽果公告。https://www.facebook.com/permalink.php?story_fbid=pfbid0XcQScbeMEjJ9dtECoRSch63tFM6g1wzP6i8yCu6v9eBgk4qtDm8LweaQnNSauBwQl&id=100064790646409,,,,,,,全程最佳辯士
公開榮譽,第六屆台北市政願景盃辯論比賽,2024-12-15,,,,,,,,最佳辯士,陳垣愷,百齡高中,個人榮譽,來源：台北願景盃辯論賽官方賽果公告。https://www.facebook.com/permalink.php?story_fbid=pfbid0XcQScbeMEjJ9dtECoRSch63tFM6g1wzP6i8yCu6v9eBgk4qtDm8LweaQnNSauBwQl&id=100064790646409,,,,,,,全程最佳辯士
公開榮譽,第六屆台北市政願景盃辯論比賽,2024-12-15,,,,,,,,最佳辯士,曾沛庭,師大附中,個人榮譽,來源：台北願景盃辯論賽官方賽果公告。https://www.facebook.com/permalink.php?story_fbid=pfbid0XcQScbeMEjJ9dtECoRSch63tFM6g1wzP6i8yCu6v9eBgk4qtDm8LweaQnNSauBwQl&id=100064790646409,,,,,,,全程最佳辯士
公開榮譽,第六屆台北市政願景盃辯論比賽,2024-12-15,,,,,,,,影片最佳人氣獎,百齡高中,,隊伍榮譽,來源：台北願景盃辯論賽官方賽果公告。https://www.facebook.com/permalink.php?story_fbid=pfbid0XcQScbeMEjJ9dtECoRSch63tFM6g1wzP6i8yCu6v9eBgk4qtDm8LweaQnNSauBwQl&id=100064790646409,,,,,,,
